date,nav
2019-01-02,1.0
2019-01-03,1.0
2019-01-04,1.0
2019-01-07,1.0
2019-01-08,1.0
2019-01-09,1.0
2019-01-10,1.0
2019-01-11,1.0
2019-01-14,1.0
2019-01-15,1.0
2019-01-16,1.0
2019-01-17,1.0
2019-01-18,1.0
2019-01-21,1.0
2019-01-22,1.0
2019-01-23,1.0
2019-01-24,1.0
2019-01-25,1.0
2019-01-28,1.0
2019-01-29,1.0
2019-01-30,1.0
2019-01-31,1.0
2019-02-01,1.0
2019-02-11,1.0
2019-02-12,1.0
2019-02-13,1.0
2019-02-14,1.0
2019-02-15,1.0
2019-02-18,1.0
2019-02-19,1.0
2019-02-20,1.0
2019-02-21,1.0
2019-02-22,1.0
2019-02-25,1.0
2019-02-26,1.0
2019-02-27,1.0
2019-02-28,1.0
2019-03-01,1.0
2019-03-04,1.0
2019-03-05,1.0
2019-03-06,1.0
2019-03-07,1.0
2019-03-08,1.0
2019-03-11,1.0
2019-03-12,1.0
2019-03-13,1.0
2019-03-14,1.0
2019-03-15,1.0
2019-03-18,1.0
2019-03-19,1.0
2019-03-20,1.0
2019-03-21,1.0
2019-03-22,1.0
2019-03-25,1.0
2019-03-26,1.0
2019-03-27,1.0
2019-03-28,1.0
2019-03-29,1.0
2019-04-01,1.0
2019-04-02,1.0
2019-04-03,1.0
2019-04-04,1.0
2019-04-08,1.0
2019-04-09,1.0
2019-04-10,1.0
2019-04-11,1.0
2019-04-12,1.0
2019-04-15,1.0
2019-04-16,1.0
2019-04-17,1.0
2019-04-18,1.0
2019-04-19,1.0
2019-04-22,1.0
2019-04-23,1.0
2019-04-24,1.0
2019-04-25,1.0
2019-04-26,1.0
2019-04-29,1.0
2019-04-30,1.0
2019-05-06,1.0
2019-05-07,1.0
2019-05-08,1.0
2019-05-09,1.0
2019-05-10,1.0
2019-05-13,1.0
2019-05-14,1.0
2019-05-15,1.0
2019-05-16,1.0
2019-05-17,1.0
2019-05-20,1.0
2019-05-21,1.0
2019-05-22,1.0
2019-05-23,1.0
2019-05-24,1.0
2019-05-27,1.0
2019-05-28,1.0
2019-05-29,1.0
2019-05-30,1.0
2019-05-31,1.0
2019-06-03,1.0
2019-06-04,1.0
2019-06-05,1.0
2019-06-06,1.0
2019-06-10,1.0
2019-06-11,1.0
2019-06-12,1.0
2019-06-13,1.0
2019-06-14,1.0
2019-06-17,1.0
2019-06-18,1.0
2019-06-19,1.0
2019-06-20,1.0
2019-06-21,1.0
2019-06-24,1.0
2019-06-25,1.0
2019-06-26,1.0
2019-06-27,1.0
2019-06-28,1.0
2019-07-01,1.0
2019-07-02,1.0
2019-07-03,1.0
2019-07-04,1.0
2019-07-05,1.0
2019-07-08,1.0
2019-07-09,1.0
2019-07-10,1.0
2019-07-11,1.0
2019-07-12,1.0
2019-07-15,1.0
2019-07-16,1.0
2019-07-17,1.0
2019-07-18,1.0
2019-07-19,1.0
2019-07-22,1.0
2019-07-23,1.0
2019-07-24,1.0
2019-07-25,1.0
2019-07-26,1.0
2019-07-29,1.0
2019-07-30,1.0
2019-07-31,1.0
2019-08-01,1.0
2019-08-02,1.0
2019-08-05,1.0
2019-08-06,1.0
2019-08-07,1.0
2019-08-08,1.0
2019-08-09,1.0
2019-08-12,1.0
2019-08-13,1.0
2019-08-14,1.0
2019-08-15,1.0
2019-08-16,1.0
2019-08-19,1.0
2019-08-20,1.0
2019-08-21,1.0
2019-08-22,1.0
2019-08-23,1.0
2019-08-26,1.0
2019-08-27,1.0
2019-08-28,1.0
2019-08-29,1.0
2019-08-30,1.0
2019-09-02,1.0
2019-09-03,1.0
2019-09-04,1.0
2019-09-05,1.0
2019-09-06,1.0
2019-09-09,1.0
2019-09-10,1.0
2019-09-11,1.0
2019-09-12,1.0
2019-09-16,1.0
2019-09-17,1.0
2019-09-18,1.0
2019-09-19,1.0
2019-09-20,1.0
2019-09-23,1.0
2019-09-24,1.0
2019-09-25,1.0
2019-09-26,1.0
2019-09-27,1.0
2019-09-30,1.0
2019-10-08,1.0
2019-10-09,1.0
2019-10-10,1.0
2019-10-11,1.0
2019-10-14,1.0
2019-10-15,1.0
2019-10-16,1.0
2019-10-17,1.0
2019-10-18,1.0
2019-10-21,1.0
2019-10-22,1.0
2019-10-23,1.0
2019-10-24,1.0
2019-10-25,1.0
2019-10-28,1.0
2019-10-29,1.0
2019-10-30,1.0
2019-10-31,1.0
2019-11-01,1.0
2019-11-04,1.0
2019-11-05,1.0
2019-11-06,1.0
2019-11-07,1.0
2019-11-08,1.0
2019-11-11,1.0
2019-11-12,1.0
2019-11-13,1.0
2019-11-14,1.0
2019-11-15,1.0
2019-11-18,1.0
2019-11-19,1.0
2019-11-20,1.0
2019-11-21,1.0
2019-11-22,1.0
2019-11-25,1.0
2019-11-26,1.0
2019-11-27,1.0
2019-11-28,1.0
2019-11-29,1.0
2019-12-02,1.0
2019-12-03,1.0
2019-12-04,1.0
2019-12-05,1.0
2019-12-06,1.0
2019-12-09,1.0
2019-12-10,1.0
2019-12-11,1.0
2019-12-12,1.0
2019-12-13,1.0
2019-12-16,1.0
2019-12-17,1.0
2019-12-18,1.0
2019-12-19,1.0
2019-12-20,1.0
2019-12-23,1.0
2019-12-24,1.0
2019-12-25,1.0
2019-12-26,1.0
2019-12-27,1.0
2019-12-30,1.0
2019-12-31,1.0
2020-01-02,1.0
2020-01-03,1.0
2020-01-06,1.0
2020-01-07,1.0
2020-01-08,1.0
2020-01-09,1.0
2020-01-10,1.0
2020-01-13,1.0
2020-01-14,1.0
2020-01-15,1.0
2020-01-16,1.0
2020-01-17,1.0
2020-01-20,1.0
2020-01-21,1.0
2020-01-22,1.0
2020-01-23,1.0
2020-02-03,1.0
2020-02-04,1.0
2020-02-05,1.0
2020-02-06,1.0
2020-02-07,1.0
2020-02-10,1.0
2020-02-11,1.0
2020-02-12,1.0
2020-02-13,1.0
2020-02-14,1.0
2020-02-17,1.0
2020-02-18,1.0
2020-02-19,1.0
2020-02-20,1.0
2020-02-21,1.0
2020-02-24,1.0
2020-02-25,1.0
2020-02-26,1.0
2020-02-27,1.0
2020-02-28,1.0
2020-03-02,1.0
2020-03-03,1.0
2020-03-04,1.0
2020-03-05,1.0
2020-03-06,1.0
2020-03-09,1.0
2020-03-10,1.0
2020-03-11,1.0
2020-03-12,1.0
2020-03-13,1.0
2020-03-16,1.0
2020-03-17,1.0
2020-03-18,1.0
2020-03-19,1.0
2020-03-20,1.0
2020-03-23,1.0
2020-03-24,1.0
2020-03-25,1.0
2020-03-26,1.0
2020-03-27,1.0
2020-03-30,1.0
2020-03-31,1.0075418150126505
2020-04-01,1.0079823789084508
2020-04-02,1.0386491602704289
2020-04-03,1.03441447885509
2020-04-07,1.0720980170103658
2020-04-08,1.0657266469769568
2020-04-09,1.0723274971648595
2020-04-10,1.0542091799920348
2020-04-13,1.045131295715199
2020-04-14,1.0792644083996474
2020-04-15,1.0771152826548334
2020-04-16,1.0814890351345439
2020-04-17,1.093849561470269
2020-04-20,1.1009157390603646
2020-04-21,1.0886553746950038
2020-04-22,1.1007497260006105
2020-04-23,1.0933310015362043
2020-04-24,1.0800230673515
2020-04-27,1.0887163742727153
2020-04-28,1.107874946407735
2020-04-29,1.103440000324871
2020-04-30,1.1224751107073556
2020-05-06,1.1400860163204456
2020-05-07,1.1431575295087593
2020-05-08,1.1503407113080946
2020-05-11,1.1427165476645593
2020-05-12,1.1523850160959546
2020-05-13,1.1617934283960647
2020-05-14,1.1507872663066954
2020-05-15,1.1519812383120331
2020-05-18,1.1495275708257
2020-05-19,1.163303054704768
2020-05-20,1.147066375652466
2020-05-21,1.137563031204847
2020-05-22,1.1093221245533922
2020-05-25,1.1107113224160614
2020-05-26,1.1319557968912524
2020-05-27,1.1115408076752153
2020-05-28,1.1108591830673102
2020-05-29,1.1258622983251263
2020-06-01,1.1643319870000135
2020-06-02,1.1613808918398407
2020-06-03,1.1621810403983526
2020-06-04,1.1643758190792624
2020-06-05,1.1738981977166558
2020-06-08,1.1705434283559137
2020-06-09,1.1819225824485802
2020-06-10,1.1927957498569666
2020-06-11,1.1849042793308031
2020-06-12,1.191401170307734
2020-06-15,1.1826323655256434
2020-06-16,1.2044514692262673
2020-06-17,1.2146325486874394
2020-06-18,1.2268164849752656
2020-06-19,1.2500678714145175
2020-06-22,1.2528808278455523
2020-06-23,1.267926772604952
2020-06-24,1.2720744822517593
2020-06-29,1.268052061567223
2020-06-30,1.2950257374012066
2020-07-01,1.301262274538961
2020-07-02,1.2978441040180935
2020-07-03,1.3131687719533223
2020-07-06,1.3548881450036825
2020-07-07,1.3926522943133886
2020-07-08,1.4155895445209756
2020-07-09,1.4607883179819143
2020-07-10,1.461705713316765
2020-07-13,1.511492300226057
2020-07-14,1.4923079093581608
2020-07-15,1.465686048478602
2020-07-16,1.3747789163720567
2020-07-17,1.3931964249772106
2020-07-20,1.4153385182199163
2020-07-21,1.438354496494337
2020-07-22,1.452179449680029
2020-07-23,1.4559699265437258
2020-07-24,1.3713130220116576
2020-07-27,1.3834254083598152
2020-07-28,1.4042192278380385
2020-07-29,1.4590051586350612
2020-07-30,1.450335021089535
2020-07-31,1.4800019648260883
2020-08-03,1.510300010983494
2020-08-04,1.4915148747867593
2020-08-05,1.5056788955696758
2020-08-06,1.4846889319270296
2020-08-07,1.455315789901478
2020-08-10,1.4540706979510882
2020-08-11,1.4345333842510442
2020-08-12,1.415785119977786
2020-08-13,1.4016145495858865
2020-08-14,1.42279495845138
2020-08-17,1.4460860989277189
2020-08-18,1.448676833775338
2020-08-19,1.4118566013257672
2020-08-20,1.3991726134807032
2020-08-21,1.416391391879774
2020-08-24,1.4389225928313574
2020-08-25,1.440179500492201
2020-08-26,1.415645016000059
2020-08-27,1.4334225711951036
2020-08-28,1.4723097751445984
2020-08-31,1.4519477564266057
2020-09-01,1.4604916223970352
2020-09-02,1.4642363132664111
2020-09-03,1.4559095132833362
2020-09-04,1.4429684331770138
2020-09-07,1.38764859329411
2020-09-08,1.380045318645516
2020-09-09,1.3258145497900422
2020-09-10,1.3263382045175491
2020-09-11,1.3582098713793105
2020-09-14,1.3590972967212485
2020-09-15,1.3755272895328179
2020-09-16,1.358328179054086
2020-09-17,1.3518064040858686
2020-09-18,1.3734442843846102
2020-09-21,1.362347373360758
2020-09-22,1.3468093858705008
2020-09-23,1.3738661820321059
2020-09-24,1.3453980076746292
2020-09-25,1.3522487448995837
2020-09-28,1.3503189821246924
2020-09-29,1.3681304824816116
2020-09-30,1.3697851361529874
2020-10-09,1.4145526081276059
2020-10-12,1.460216697409421
2020-10-13,1.476908655834582
2020-10-14,1.464662615682616
2020-10-15,1.454958091210347
2020-10-16,1.446202039263782
2020-10-19,1.4244347348092856
2020-10-20,1.4462589779364246
2020-10-21,1.4304626881639744
2020-10-22,1.416604802757941
2020-10-23,1.3737440355006645
2020-10-26,1.3735847371800847
2020-10-27,1.3989055373615096
2020-10-28,1.422670725606001
2020-10-29,1.4344779075283218
2020-10-30,1.410982275159644
2020-11-02,1.4286038019846274
2020-11-03,1.445081567390896
2020-11-04,1.45505757926991
2020-11-05,1.480751244074714
2020-11-06,1.4683349854550534
2020-11-09,1.5068854924989996
2020-11-10,1.495231931921157
2020-11-11,1.460760022262334
2020-11-12,1.4710806230918627
2020-11-13,1.466239607148975
2020-11-16,1.4745536063020634
2020-11-17,1.4554480169122306
2020-11-18,1.4341335096938255
2020-11-19,1.4489431546354252
2020-11-20,1.4608814726399026
2020-11-23,1.474547473548412
2020-11-24,1.4632867435781218
2020-11-25,1.4300508820183473
2020-11-26,1.4245562575093866
2020-11-27,1.4381621023072149
2020-11-30,1.4370629650685949
2020-12-01,1.4703624810209337
2020-12-02,1.467079949716089
2020-12-03,1.4699095179592236
2020-12-04,1.4879784514795857
2020-12-07,1.490421465695874
2020-12-08,1.493981141757158
2020-12-09,1.471083822975023
2020-12-10,1.4830861773167305
2020-12-11,1.4692641880606265
2020-12-14,1.48821051727939
2020-12-15,1.5031151767541695
2020-12-16,1.504690858209589
2020-12-17,1.5163699803240476
2020-12-18,1.52585316329723
2020-12-21,1.5679114012426922
2020-12-22,1.541809284700035
2020-12-23,1.567596041298904
2020-12-24,1.5687667593543326
2020-12-25,1.5905022461173144
2020-12-28,1.6001503875811958
2020-12-29,1.5754685056579465
2020-12-30,1.6050287340065132
2020-12-31,1.6405770510592201
2021-01-04,1.68822298001247
2021-01-05,1.7334388900248372
2021-01-06,1.7443346333666356
2021-01-07,1.789991520578984
2021-01-08,1.7801292917420217
2021-01-11,1.7592573041039217
2021-01-12,1.807611239580133
2021-01-13,1.8034954666115346
2021-01-14,1.7481471545064171
2021-01-15,1.7311239399010303
2021-01-18,1.7567676022735406
2021-01-19,1.7130759031062663
2021-01-20,1.7592987526687982
2021-01-21,1.802892489900125
2021-01-22,1.8363129895651313
2021-01-25,1.8602620026321866
2021-01-26,1.8122815051668604
2021-01-27,1.8078857334066103
2021-01-28,1.740368981959236
2021-01-29,1.734002811301213
2021-02-01,1.756046949165437
2021-02-02,1.8138154110447227
2021-02-03,1.7997638551416761
2021-02-04,1.787779332046889
2021-02-05,1.7841722843261691
2021-02-08,1.8217921898870975
2021-02-09,1.873598877010275
2021-02-10,1.923701665282341
2021-02-18,1.8848520504512858
2021-02-19,1.8558509607718192
2021-02-22,1.7778186023629472
2021-02-23,1.757933016929343
2021-02-24,1.689042896588194
2021-02-25,1.6803300568486057
2021-02-26,1.6386173573080014
2021-03-01,1.6744610015770447
2021-03-02,1.6528445763531399
2021-03-03,1.6633522125332765
2021-03-04,1.5830568611391773
2021-03-05,1.584655869840297
2021-03-08,1.485960647006327
2021-03-09,1.431258472492051
2021-03-10,1.4615631009366623
2021-03-11,1.5053555941409855
2021-03-12,1.5037669665890903
2021-03-15,1.4411194061064259
2021-03-16,1.4519669789730207
2021-03-17,1.4799438824504612
2021-03-18,1.5055353795579465
2021-03-19,1.4655588598289768
2021-03-22,1.4772124867969603
2021-03-23,1.458134570638516
2021-03-24,1.428548130757703
2021-03-25,1.4444813181995053
2021-03-26,1.496186332154031
2021-03-29,1.4972953238388051
2021-03-30,1.5220760735718823
2021-03-31,1.4961397854654175
2021-04-01,1.5292893918509662
2021-04-02,1.5568123557204416
2021-04-06,1.553890905381144
2021-04-07,1.5428037103995533
2021-04-08,1.5521746774745777
2021-04-09,1.5182225692560813
2021-04-12,1.465523517771036
2021-04-13,1.4715182066330472
2021-04-14,1.501960207019701
2021-04-15,1.4996321220882758
2021-04-16,1.501169786226892
2021-04-19,1.5586119978013948
2021-04-20,1.5655413684848214
2021-04-21,1.5757722363488451
2021-04-22,1.5799524197233774
2021-04-23,1.6025219143938405
2021-04-26,1.5967166938985813
2021-04-27,1.6081575111170487
2021-04-28,1.6318823706358612
2021-04-29,1.634726611658679
2021-04-30,1.626018650842364
2021-05-06,1.6114818070690065
2021-05-07,1.5893777954084396
2021-05-10,1.5923639899209814
2021-05-11,1.5832519222451886
2021-05-12,1.5935141492217662
2021-05-13,1.5659488612076802
2021-05-14,1.6027154246767794
2021-05-17,1.6516613964600408
2021-05-18,1.6550215937145214
2021-05-19,1.6576912589379844
2021-05-20,1.6539156347657127
2021-05-21,1.6437378647758951
2021-05-24,1.6516726345761141
2021-05-25,1.697623851982532
2021-05-26,1.6963389251516945
2021-05-27,1.7016269145746066
2021-05-28,1.6937022023675772
2021-05-31,1.7139061021473476
2021-06-01,1.7317072286169253
2021-06-02,1.709863538246055
2021-06-03,1.690812100832377
2021-06-04,1.7024250805118286
2021-06-07,1.7016009066974294
2021-06-08,1.6789759312529609
2021-06-09,1.691526314783378
2021-06-10,1.7154546133698059
2021-06-11,1.7107733861473702
2021-06-15,1.6915726658297745
2021-06-16,1.6403806738534876
2021-06-17,1.6509488275594033
2021-06-18,1.664576515693963
2021-06-21,1.671282560837962
2021-06-22,1.6891141337339506
2021-06-23,1.6986569127208722
2021-06-24,1.701800233459463
2021-06-25,1.74241095363953
2021-06-28,1.751696866211742
2021-06-29,1.7322647089011172
2021-06-30,1.7440054644046588
2021-07-01,1.7336087441060992
2021-07-02,1.6796879094788297
2021-07-05,1.7045428220042291
2021-07-06,1.6997527593408546
2021-07-07,1.7468446965345428
2021-07-08,1.7327355548060657
2021-07-09,1.7438418211993805
2021-07-12,1.7808897070407548
2021-07-13,1.7877400164459587
2021-07-14,1.7661604866164964
2021-07-15,1.803135716498863
2021-07-16,1.7814289629611433
2021-07-19,1.7863447697662467
2021-07-20,1.7879702280485092
2021-07-21,1.8376012621521136
2021-07-22,1.8384644363968452
2021-07-23,1.8077548276238755
2021-07-26,1.7443394374807792
2021-07-27,1.66427159966352
2021-07-28,1.6677171164771192
2021-07-29,1.7365721764749478
2021-07-30,1.7269323786480617
2021-08-02,1.7808204168752675
2021-08-03,1.7812228216136812
2021-08-04,1.8223559188962741
2021-08-05,1.810164108149783
2021-08-06,1.8008019756608151
2021-08-09,1.8134114783700168
2021-08-10,1.826187175995042
2021-08-11,1.8114279362957368
2021-08-12,1.8008823974240886
2021-08-13,1.7983376712153034
2021-08-16,1.7897679177357309
2021-08-17,1.745306411201715
2021-08-18,1.7520909827766127
2021-08-19,1.753086492818015
2021-08-20,1.7034573299916
2021-08-23,1.7506159906509828
2021-08-24,1.7774524700791592
2021-08-25,1.7904634001507254
2021-08-26,1.7491980813161636
2021-08-27,1.760075931747411
2021-08-30,1.7777868459671673
2021-08-31,1.7630015971665223
2021-09-01,1.7385328023072788
2021-09-02,1.7293203492350864
2021-09-03,1.692142637787441
2021-09-06,1.7434154999611773
2021-09-07,1.7681033393870988
2021-09-08,1.7512798462361459
2021-09-09,1.759988476349561
2021-09-10,1.776807818743333
2021-09-13,1.7686906075352646
2021-09-14,1.7658366582250984
2021-09-15,1.7511140065861908
2021-09-16,1.7151938869599777
2021-09-17,1.7362374326513101
2021-09-22,1.735798030452524
2021-09-23,1.7452651288390157
2021-09-24,1.742093177660327
2021-09-27,1.7328827885380214
2021-09-28,1.7253716171255398
2021-09-29,1.6881304863347126
2021-09-30,1.71753898317741
2021-10-08,1.7021557609813396
2021-10-11,1.6968051572280598
2021-10-12,1.6622620255741491
2021-10-13,1.6951346872471067
2021-10-14,1.7049001290315313
2021-10-15,1.7240337217239594
2021-10-18,1.7331442895605078
2021-10-19,1.7442762821110382
2021-10-20,1.7493502722766114
2021-10-21,1.7420910080622518
2021-10-22,1.7274525762651465
2021-10-25,1.7718602593219894
2021-10-26,1.7716568028563875
2021-10-27,1.7657634503215607
2021-10-28,1.7331903627037457
2021-10-29,1.7541144738603243
2021-11-01,1.7307422717130487
2021-11-02,1.716904532969068
2021-11-03,1.7101223432392143
2021-11-04,1.7265915203127238
2021-11-05,1.695285171278696
2021-11-08,1.7158277188199733
2021-11-09,1.725728009556822
2021-11-10,1.7144989865083862
2021-11-11,1.7264789733070183
2021-11-12,1.733366128534063
2021-11-15,1.7074424545892846
2021-11-16,1.700864283388859
2021-11-17,1.7243588952376667
2021-11-18,1.7188940002058377
2021-11-19,1.7311825063072352
2021-11-22,1.7576786180506496
2021-11-23,1.7502592207155774
2021-11-24,1.7426069484500037
2021-11-25,1.7365681405434203
2021-11-26,1.7380859779318885
2021-11-29,1.739615857241996
2021-11-30,1.7388917539418394
2021-12-01,1.7328525194435318
2021-12-02,1.736427141397511
2021-12-03,1.7559171969847454
2021-12-06,1.7419016264442426
2021-12-07,1.7408438944037605
2021-12-08,1.7724386363962534
2021-12-09,1.7923273999368612
2021-12-10,1.7894428715132935
2021-12-13,1.7902365093319756
2021-12-14,1.7772407006052091
2021-12-15,1.765453376273335
2021-12-16,1.7804248830720215
2021-12-17,1.746463507183993
2021-12-20,1.7026637797512465
2021-12-21,1.7147667885559699
2021-12-22,1.7175788232883165
2021-12-23,1.7338638179946426
2021-12-24,1.7050299979125136
2021-12-27,1.699191125323815
2021-12-28,1.7166442062094796
2021-12-29,1.700406043477963
2021-12-30,1.7180858930742535
2021-12-31,1.7309071656594934
2022-01-04,1.6927969839350296
2022-01-05,1.6372610698904124
2022-01-06,1.6326401449170227
2022-01-07,1.6091509902224337
2022-01-10,1.60846524550635
2022-01-11,1.5877941945843714
2022-01-12,1.628560353400938
2022-01-13,1.601870171860937
2022-01-14,1.6034305836065392
2022-01-17,1.6239656757686494
2022-01-18,1.639821674278077
2022-01-19,1.6074521335596659
2022-01-20,1.6023752885350444
2022-01-21,1.5855920919843682
2022-01-24,1.6145416417908094
2022-01-25,1.5739744295304894
2022-01-26,1.588027957546935
2022-01-27,1.5490091983148964
2022-01-28,1.5175496013366865
2022-02-07,1.5512662237980883
2022-02-08,1.5197854394969024
2022-02-09,1.5380430028782897
2022-02-10,1.517861585691845
2022-02-11,1.4906903134364031
2022-02-14,1.4809710002943561
2022-02-15,1.5284491527155082
2022-02-16,1.5313094984743736
2022-02-17,1.5542892747761847
2022-02-18,1.548389283448129
2022-02-21,1.546617781906987
2022-02-22,1.5418530082004132
2022-02-23,1.5843149634228353
2022-02-24,1.5681804501627747
2022-02-25,1.597499083886259
2022-02-28,1.6154184009892174
2022-03-01,1.6230993822910447
2022-03-02,1.6203452510611536
2022-03-03,1.6230047554208313
2022-03-04,1.6091325457008279
2022-03-07,1.5763344917462216
2022-03-08,1.5419032310642626
2022-03-09,1.5385877368258867
2022-03-10,1.566383345945784
2022-03-11,1.5595175643370733
2022-03-14,1.514349981165602
2022-03-15,1.438809573837455
2022-03-16,1.5026279617266085
2022-03-17,1.5154182609476146
2022-03-18,1.5303212548478822
2022-03-21,1.531182512639292
2022-03-22,1.5319525907602178
2022-03-23,1.5351350679586504
2022-03-24,1.5240691305975558
2022-03-25,1.4917459071555554
2022-03-28,1.4924823519368475
2022-03-29,1.4921745587232291
2022-03-30,1.5291890877011693
2022-03-31,1.5032098469302857
2022-04-01,1.5163727813412184
2022-04-06,1.495173576304012
2022-04-07,1.477424193191485
2022-04-08,1.482569187997446
2022-04-11,1.4218496099328544
2022-04-12,1.4484077834224667
2022-04-13,1.4351647747412979
2022-04-14,1.4505595831700855
2022-04-15,1.4446448471738418
2022-04-18,1.4566005851114934
2022-04-19,1.4520131849822777
2022-04-20,1.4113170536557953
2022-04-21,1.3639291994691094
2022-04-22,1.3617453559673212
2022-04-25,1.2814987670390667
2022-04-26,1.2649132749274832
2022-04-27,1.3316590207239478
2022-04-28,1.3559160887452353
2022-04-29,1.4004106252484314
2022-05-05,1.4092293682460573
2022-05-06,1.3734664385748785
2022-05-09,1.372766359663532
2022-05-10,1.3932058460159322
2022-05-11,1.429534461565719
2022-05-12,1.4207332530925565
2022-05-13,1.4375939994152802
2022-05-16,1.4273798723012403
2022-05-17,1.4560003703240223
2022-05-18,1.459370927871085
2022-05-19,1.4827034810936837
2022-05-20,1.5053891666545494
2022-05-23,1.5087167468226543
2022-05-24,1.4679320099184923
2022-05-25,1.4855815936323595
2022-05-26,1.4884357586771166
2022-05-27,1.4887659867144478
2022-05-30,1.4967330268934347
2022-05-31,1.5049458760898773
2022-06-01,1.500755511831048
2022-06-02,1.5065509180540426
2022-06-06,1.535345266119503
2022-06-07,1.5337347009935929
2022-06-08,1.5459970620778216
2022-06-09,1.5432174078016299
2022-06-10,1.5652258854495738
2022-06-13,1.5469378040897501
2022-06-14,1.557314610229759
2022-06-15,1.5605445405101461
2022-06-16,1.5550154884970562
2022-06-17,1.567797130924545
2022-06-20,1.5707178344758097
2022-06-21,1.5713897453185015
2022-06-22,1.5621419250960369
2022-06-23,1.5824452783154606
2022-06-24,1.5912495832153122
2022-06-27,1.6031335497167156
2022-06-28,1.6197817009700677
2022-06-29,1.6024384574044075
2022-06-30,1.6147371691709977
2022-07-01,1.6170913335692074
2022-07-04,1.642709119217591
2022-07-05,1.6542549449251478
2022-07-06,1.6278030402363615
2022-07-07,1.6464943612819745
2022-07-08,1.6335827484306504
2022-07-11,1.609656125726538
2022-07-12,1.6014530733455752
2022-07-13,1.6095832875890328
2022-07-14,1.6203338802217666
2022-07-15,1.5953160447859303
2022-07-18,1.6143700428577268
2022-07-19,1.6043792080459223
2022-07-20,1.6110950088237466
2022-07-21,1.5878559874565248
2022-07-22,1.5938840184154566
2022-07-25,1.5778700150285512
2022-07-26,1.603861026917176
2022-07-27,1.6054711738274434
2022-07-28,1.598566500077427
2022-07-29,1.5828371749161487
2022-08-01,1.588792833286944
2022-08-02,1.5534019197769577
2022-08-03,1.5389591584102542
2022-08-04,1.546114816324223
2022-08-05,1.558611147702883
2022-08-08,1.5671486410340658
2022-08-09,1.5839519583520982
2022-08-10,1.570859177842699
2022-08-11,1.5905676171499512
2022-08-12,1.5899961451556859
2022-08-15,1.612791632844542
2022-08-16,1.6210138908172864
2022-08-17,1.6307888988791288
2022-08-18,1.6247035909544525
2022-08-19,1.6186387072132238
2022-08-22,1.6399301551721412
2022-08-23,1.6497436579403237
2022-08-24,1.615025372137205
2022-08-25,1.6250762847034717
2022-08-26,1.6165023406052317
2022-08-29,1.6268769928419362
2022-08-30,1.6154025259231755
2022-08-31,1.585685470747067
2022-09-01,1.5758647437081434
2022-09-02,1.567826189496089
2022-09-05,1.5848213018262207
2022-09-06,1.6191633913643897
2022-09-07,1.6250000619386582
2022-09-08,1.6207760496428212
2022-09-09,1.628772777561441
2022-09-13,1.63215802930046
2022-09-14,1.6179620649097992
2022-09-15,1.5832516296149324
2022-09-16,1.547814754591103
2022-09-19,1.5525741036786482
2022-09-20,1.562857616455394
2022-09-21,1.5577617406945938
2022-09-22,1.5518724849405503
2022-09-23,1.5388310507999066
2022-09-26,1.5356769374927535
2022-09-27,1.5503377414565496
2022-09-28,1.52128636783158
2022-09-29,1.5262202364943425
2022-09-30,1.5127722792116445
2022-10-10,1.4947364888582735
2022-10-11,1.4972938342222009
2022-10-12,1.5185194079508086
2022-10-13,1.5056129289878575
2022-10-14,1.5293250982072861
2022-10-17,1.5213442994490227
2022-10-18,1.5192823180719788
2022-10-19,1.4987565464142334
2022-10-20,1.4859369962190045
2022-10-21,1.4882225384103354
2022-10-24,1.4496358171673585
2022-10-25,1.4571084526564637
2022-10-26,1.4597571752016552
2022-10-27,1.445748953710754
2022-10-28,1.4175889659282415
2022-10-31,1.3848348369932018
2022-11-01,1.4156906823280828
2022-11-02,1.4323490884639793
2022-11-03,1.42403785506762
2022-11-04,1.4678497699222277
2022-11-07,1.4669233843727791
2022-11-08,1.459955021450163
2022-11-09,1.4501317501293989
2022-11-10,1.4447878150936633
2022-11-11,1.473410626661362
2022-11-14,1.4597563059435141
2022-11-15,1.4713784049740044
2022-11-16,1.4601179780891753
2022-11-17,1.4523396719670423
2022-11-18,1.445346572855964
2022-11-21,1.4408894657813331
2022-11-22,1.4520097385602164
2022-11-23,1.4700332727717031
2022-11-24,1.4667273486097798
2022-11-25,1.4821855761980964
2022-11-28,1.476987472416539
2022-11-29,1.5039810766724282
2022-11-30,1.5080013057391657
2022-12-01,1.5006518124629127
2022-12-02,1.4925179368056083
2022-12-05,1.5298255425119007
2022-12-06,1.5254909309792652
2022-12-07,1.5177957184661097
2022-12-08,1.5153650064746997
2022-12-09,1.5105290900304023
2022-12-12,1.4998159259379495
2022-12-13,1.5001030699172828
2022-12-14,1.4990594684169216
2022-12-15,1.492045340783366
2022-12-16,1.497535162790165
2022-12-19,1.4654478089055871
2022-12-20,1.4530470585924793
2022-12-21,1.4505669670416292
2022-12-22,1.4403129789145852
2022-12-23,1.4368397113582432
2022-12-26,1.4507086176215724
2022-12-27,1.4672002703448856
2022-12-28,1.4671959799992227
2022-12-29,1.4589968434298046
2022-12-30,1.4684354341802097
2023-01-03,1.4787680281472466
2023-01-04,1.4789960141829213
2023-01-05,1.4865484641188265
2023-01-06,1.4822021154054703
2023-01-09,1.4840738852552104
2023-01-10,1.4787813081000318
2023-01-11,1.4813791477853389
2023-01-12,1.4829477373765771
2023-01-13,1.496667910250405
2023-01-16,1.5032752757356918
2023-01-17,1.5002201621330091
2023-01-18,1.5007222149299735
2023-01-19,1.5041364805342485
2023-01-20,1.520841027152845
2023-01-30,1.5131324754687108
2023-01-31,1.5023591763273254
2023-02-01,1.50909873277672
2023-02-02,1.508947278836128
2023-02-03,1.4953916954904711
2023-02-06,1.482865602542904
2023-02-07,1.487397401034981
2023-02-08,1.480511328539424
2023-02-09,1.4995926093022323
2023-02-10,1.4946806362283132
2023-02-13,1.5091922342829898
2023-02-14,1.5100433439946574
2023-02-15,1.497559994601879
2023-02-16,1.4937308021462357
2023-02-17,1.4781202155084332
2023-02-20,1.5102252612369538
2023-02-21,1.514504409268156
2023-02-22,1.5042024902205482
2023-02-23,1.5047553944825125
2023-02-24,1.4945141554378076
2023-02-27,1.49608346420495
2023-02-28,1.502635271287689
2023-03-01,1.5173562197181185
2023-03-02,1.510619470643203
2023-03-03,1.5140521713482886
2023-03-06,1.5214005670744004
2023-03-07,1.503631559568186
2023-03-08,1.500971542099837
2023-03-09,1.5015507454559112
2023-03-10,1.4806975022849123
2023-03-13,1.5067390793177071
2023-03-14,1.4904916409805447
2023-03-15,1.483639593743101
2023-03-16,1.4568041908917475
2023-03-17,1.4623433408207196
2023-03-20,1.4501563200501217
2023-03-21,1.4618582030469132
2023-03-22,1.4639196136903905
2023-03-23,1.4754942998646936
2023-03-24,1.475211394033289
2023-03-27,1.483511112451388
2023-03-28,1.4854904643134266
2023-03-29,1.4858652938985641
2023-03-30,1.4948641034054937
2023-03-31,1.5024495944322143
2023-04-03,1.5210902525631893
2023-04-04,1.5392124883988878
2023-04-06,1.527116803929524
2023-04-07,1.5299466250030316
2023-04-10,1.5232925122011685
2023-04-11,1.5182138752745262
2023-04-12,1.5303542349839963
2023-04-13,1.5164787754518811
2023-04-14,1.5224074940923253
2023-04-17,1.5496336354472666
2023-04-18,1.5637103359906044
2023-04-19,1.5493844976057298
2023-04-20,1.552247552675402
2023-04-21,1.5247780158431905
2023-04-24,1.5142645205126435
2023-04-25,1.5131578491986448
2023-04-26,1.497630634531461
2023-04-27,1.5084206102890705
2023-04-28,1.5246342873756666
2023-05-04,1.5178336055467248
2023-05-05,1.5080304170898766
2023-05-08,1.5277840924240338
2023-05-09,1.5119536680463568
2023-05-10,1.4952864103694699
2023-05-11,1.488053217519388
2023-05-12,1.467843330868254
2023-05-15,1.4895757934944631
2023-05-16,1.4771288272319218
2023-05-17,1.4720076546343794
2023-05-18,1.4853244743955705
2023-05-19,1.4826297541786793
2023-05-22,1.4946576003714314
2023-05-23,1.4673995668529558
2023-05-24,1.4432745534357991
2023-05-25,1.4425531071986422
2023-05-26,1.4427381988730612
2023-05-29,1.4391261273111777
2023-05-30,1.4478741608934977
2023-05-31,1.4419997425088753
2023-06-01,1.4528150317554442
2023-06-02,1.4577692052775386
2023-06-05,1.4579617083260101
2023-06-06,1.4380570346972987
2023-06-07,1.4312794286443216
2023-06-08,1.4401979269334708
2023-06-09,1.4620073795914832
2023-06-12,1.4633884016600416
2023-06-13,1.4788815722263133
2023-06-14,1.4897303258325756
2023-06-15,1.4925782543454627
2023-06-16,1.5220844767818782
2023-06-19,1.5320790356773375
2023-06-20,1.5370794532804162
2023-06-21,1.502150455780061
2023-06-26,1.4664236300095417
2023-06-27,1.490144488972072
2023-06-28,1.4775244817281026
2023-06-29,1.4792777550707887
2023-06-30,1.4853102389489579
2023-07-03,1.4959843860943949
2023-07-04,1.4942208403034831
2023-07-05,1.4813908258901258
2023-07-06,1.475167825636219
2023-07-07,1.4691297598783981
2023-07-10,1.4660323647096827
2023-07-11,1.4752326449808486
2023-07-12,1.447477685672503
2023-07-13,1.472292622045617
2023-07-14,1.4939827217367305
2023-07-17,1.491676014634601
2023-07-18,1.4800151918000743
2023-07-19,1.4780720037137036
2023-07-20,1.4494064841513472
2023-07-21,1.4436429794506953
2023-07-24,1.4509526111816993
2023-07-25,1.4793566030864134
2023-07-26,1.4657565040873966
2023-07-27,1.4571181307128251
2023-07-28,1.4880487000448925
2023-07-31,1.4913059441623946
2023-08-01,1.4923666874294572
2023-08-02,1.4798031920979722
2023-08-03,1.4881820280376366
2023-08-04,1.5020839486925286
2023-08-07,1.4882651567047978
2023-08-08,1.4828652134156215
2023-08-09,1.4678133716276855
2023-08-10,1.4735127414561477
2023-08-11,1.4402953070275968
2023-08-14,1.4474575340579467
2023-08-15,1.446313649522395
2023-08-16,1.4247151848042197
2023-08-17,1.4300708824503139
2023-08-18,1.4067286791870421
2023-08-21,1.3934398851396823
2023-08-22,1.4233366554020659
2023-08-23,1.3928875716869564
2023-08-24,1.3902522545479268
2023-08-25,1.3711736583997078
2023-08-28,1.3894562594775561
2023-08-29,1.4068508636783055
2023-08-30,1.4114048975700502
2023-08-31,1.404581617669177
2023-09-01,1.4140293334935954
2023-09-04,1.437304566943283
2023-09-05,1.4165753387298232
2023-09-06,1.411788920965037
2023-09-07,1.3940195818086207
2023-09-08,1.390485217824982
2023-09-11,1.4064084794534282
2023-09-12,1.39934497845568
2023-09-13,1.3861343024967563
2023-09-14,1.3884984569294343
2023-09-15,1.3761560966756312
2023-09-18,1.3745046162207393
2023-09-19,1.3738944099631105
2023-09-20,1.3704055970120128
2023-09-21,1.3654651645510578
2023-09-22,1.3951920747459805
2023-09-25,1.3794282649240341
2023-09-26,1.381794900980592
2023-09-27,1.3798049931231955
2023-09-28,1.3755339155198438
2023-10-09,1.3760877717980882
2023-10-10,1.3572306860451773
2023-10-11,1.3637223109890075
2023-10-12,1.3730323940020208
2023-10-13,1.3573741054043003
2023-10-16,1.35118145112984
2023-10-17,1.3632393259761282
2023-10-18,1.3464306537259985
2023-10-19,1.3247416875253972
2023-10-20,1.3055684227338935
2023-10-23,1.2877361800476386
2023-10-24,1.2895813585625273
2023-10-25,1.2920772387120418
2023-10-26,1.2962966103852462
2023-10-27,1.302441500023011
2023-10-30,1.3061142150758156
2023-10-31,1.3035288436060493
2023-11-01,1.2990139334828712
2023-11-02,1.2931594302209493
2023-11-03,1.3026357421107135
2023-11-06,1.3159782733454712
2023-11-07,1.3165111289158127
2023-11-08,1.313799899138492
2023-11-09,1.3166307249765103
2023-11-10,1.3062622551497076
2023-11-13,1.3120621358391522
2023-11-14,1.3126100782614565
2023-11-15,1.319773606936443
2023-11-16,1.3078780332317423
2023-11-17,1.3077204557642241
2023-11-20,1.3104663011269382
2023-11-21,1.309354200784615
2023-11-22,1.2975513249559318
2023-11-23,1.3059633138909439
2023-11-24,1.2930675708353017
2023-11-27,1.2862255556022926
2023-11-28,1.2874004355979258
2023-11-29,1.2774571238581445
2023-11-30,1.2814250464702162
2023-12-01,1.2854405158765048
2023-12-04,1.2855143704403893
2023-12-05,1.2613197555342217
2023-12-06,1.256514989121376
2023-12-07,1.259772084983259
2023-12-08,1.2726099190934304
2023-12-11,1.2815269502199982
2023-12-12,1.2883331455833507
2023-12-13,1.274460555806626
2023-12-14,1.266757242117683
2023-12-15,1.2577326316885455
2023-12-18,1.2568209553442755
2023-12-19,1.2604707394443206
2023-12-20,1.245644979102729
2023-12-21,1.2503456270390563
2023-12-22,1.2455527669807467
2023-12-25,1.2515015237380782
2023-12-26,1.2414422652263994
2023-12-27,1.251189644403077
2023-12-28,1.2642433294467934
2023-12-29,1.2715147140548675
2024-01-02,1.260405830478357
2024-01-03,1.2595119926332223
2024-01-04,1.252644160903801
2024-01-05,1.2441447981010574
2024-01-08,1.2284669146135874
2024-01-09,1.2245556429601752
2024-01-10,1.2125081457875615
2024-01-11,1.2138085657447952
2024-01-12,1.2088962818145408
2024-01-15,1.2105082724883212
2024-01-16,1.2136562370590582
2024-01-17,1.1906235182459493
2024-01-18,1.2003681873926255
2024-01-19,1.1989947136649357
2024-01-22,1.172825660840932
2024-01-23,1.1823345094184823
2024-01-24,1.2057866919290365
2024-01-25,1.2418391476323105
2024-01-26,1.24017167255392
2024-01-29,1.2329234295478761
2024-01-30,1.2132519682141674
2024-01-31,1.199323678477518
2024-02-01,1.2036459001720772
2024-02-02,1.1946179579363623
2024-02-05,1.1948655881030004
2024-02-06,1.2301378687223559
2024-02-07,1.2329764921249153
2024-02-08,1.2401642047087236
2024-02-19,1.2932012598045755
2024-02-20,1.299209463637928
2024-02-21,1.2957539303490728
2024-02-22,1.3224689655260844
2024-02-23,1.3232245011548898
2024-02-26,1.309474486992002
2024-02-27,1.3381337632159616
2024-02-28,1.3182145605227957
2024-02-29,1.337751535021478
2024-03-01,1.3509505256249204
2024-03-04,1.366681650879828
2024-03-05,1.3819183192860047
2024-03-06,1.3783464993928054
2024-03-07,1.3789623166483154
2024-03-08,1.3915032679894068
2024-03-11,1.3846731899937934
2024-03-12,1.351582563212309
2024-03-13,1.3476272284364004
2024-03-14,1.3510334882761719
2024-03-15,1.356862266425008
2024-03-18,1.3709813358816865
2024-03-19,1.3587301291628373
2024-03-20,1.363502963045161
2024-03-21,1.363516164906427
2024-03-22,1.3590337825196441
2024-03-25,1.3565885510978857
2024-03-26,1.3518283643081062
2024-03-27,1.3430813226514604
2024-03-28,1.3502470221805172
2024-03-29,1.369218525539827
2024-04-01,1.3786916035683678
2024-04-02,1.3773608121864553
2024-04-03,1.3771108747252714
2024-04-08,1.383433940616457
2024-04-09,1.3738493073288858
2024-04-10,1.3727149958707572
2024-04-11,1.3758734842388218
2024-04-12,1.3773595314934222
2024-04-15,1.4057405569857395
2024-04-16,1.3918567690938481
2024-04-17,1.4145409623400595
2024-04-18,1.4147406638364675
2024-04-19,1.4109508997079536
2024-04-22,1.3865216694441755
2024-04-23,1.3672445073450494
2024-04-24,1.3824624768737475
2024-04-25,1.3816474964793815
2024-04-26,1.3983662362849316
2024-04-29,1.3960988667700565
2024-04-30,1.4017873010862512
2024-05-06,1.4076466152208513
2024-05-07,1.403636335361673
2024-05-08,1.4095553980672832
2024-05-09,1.4179408549678538
2024-05-10,1.4233304252383758
2024-05-13,1.4302531154873024
2024-05-14,1.4259062730984646
2024-05-15,1.4175853137524537
2024-05-16,1.4114421237432768
2024-05-17,1.416408169843799
2024-05-20,1.4300611810255244
2024-05-21,1.426426965849366
2024-05-22,1.4191510056335985
2024-05-23,1.4072447410516538
2024-05-24,1.40377320378271
2024-05-27,1.4276420813937416
2024-05-28,1.4229478135045643
2024-05-29,1.425360687987214
2024-05-30,1.41159443319471
2024-05-31,1.4048123578863032
2024-06-03,1.415548907744573
2024-06-04,1.423591547221461
2024-06-05,1.4131038209574107
2024-06-06,1.4286048343446078
2024-06-07,1.429517587931375
2024-06-11,1.4087570383423607
2024-06-12,1.4206075461299272
2024-06-13,1.417497503435999
2024-06-14,1.4225707681124076
2024-06-17,1.4106925305371798
2024-06-18,1.4208981605437165
2024-06-19,1.4192167961463158
2024-06-20,1.4225586250578708
2024-06-21,1.418317444063543
2024-06-24,1.4102472247930862
2024-06-25,1.409881970501635
2024-06-26,1.4130470273417775
2024-06-27,1.398287460568537
2024-06-28,1.420624705841121
2024-07-01,1.4427622413181644
2024-07-02,1.4361829137871072
2024-07-03,1.422425314943688
2024-07-04,1.4256701286106346
2024-07-05,1.4253916796681714
2024-07-08,1.4255408961620415
2024-07-09,1.449189597283608
2024-07-10,1.4418272454467096
2024-07-11,1.4600849756687837
2024-07-12,1.4514017674419253
2024-07-15,1.4613434961474792
2024-07-16,1.4676783422798834
2024-07-17,1.4434359716624092
2024-07-18,1.4519382031964942
2024-07-19,1.4430868443848064
2024-07-22,1.4265820292543632
2024-07-23,1.3958286662984927
2024-07-24,1.392593209350185
2024-07-25,1.369096878529016
2024-07-26,1.3814497624310538
2024-07-29,1.3844544164530457
2024-07-30,1.3615242911516072
2024-07-31,1.3710266298891847
2024-08-01,1.375788118377199
2024-08-02,1.3599175113508863
2024-08-05,1.3267867737905124
2024-08-06,1.327498734767015
2024-08-07,1.3370239050069803
2024-08-08,1.3313292402499879
2024-08-09,1.333336901233758
2024-08-12,1.3365685965035548
2024-08-13,1.3455179438823728
2024-08-14,1.3424323033810888
2024-08-15,1.3547561718366032
2024-08-16,1.3636208966799186
2024-08-19,1.3768722381303047
2024-08-20,1.3649128498384937
2024-08-21,1.3644146396456307
2024-08-22,1.3725415020954914
2024-08-23,1.3720582811766806
2024-08-26,1.3682477832861812
2024-08-27,1.365181028836402
2024-08-28,1.3592759635601728
2024-08-29,1.337165251507924
2024-08-30,1.332414020466773
2024-09-02,1.32763167457533
2024-09-03,1.3170061816167113
2024-09-04,1.3017140716414415
2024-09-05,1.2953555204914768
2024-09-06,1.2845673533713073
2024-09-09,1.2670330170245079
2024-09-10,1.2714075656792696
2024-09-11,1.2471922910290851
2024-09-12,1.2508656624869272
2024-09-13,1.255427219945669
2024-09-18,1.2667883584694901
2024-09-19,1.2725685510032874
2024-09-20,1.2782488209714038
2024-09-23,1.294068135802234
2024-09-24,1.3450243182683081
2024-09-25,1.3593985257555135
2024-09-26,1.3905115134937927
2024-09-27,1.4095484009103847
2024-09-30,1.5109894303945266
2024-10-08,1.5678751418492343
2024-10-09,1.4699233697420249
2024-10-10,1.509381250851803
2024-10-11,1.478442530316976
2024-10-14,1.5092314482552642
2024-10-15,1.4679712863180174
2024-10-16,1.4629832588873013
2024-10-17,1.4492302650960598
2024-10-18,1.4900992237560489
2024-10-21,1.4887936849143664
2024-10-22,1.498839856997432
2024-10-23,1.496528178596661
2024-10-24,1.4854629719548382
2024-10-25,1.4750399678519257
2024-10-28,1.4701229945158707
2024-10-29,1.4630261753180223
2024-10-30,1.452909786699384
2024-10-31,1.4434445584030005
2024-11-01,1.4515879266278513
2024-11-04,1.4614403526727764
2024-11-05,1.4819991862030721
2024-11-06,1.4669443789244918
2024-11-07,1.4917736980637215
2024-11-08,1.4753886784064913
2024-11-11,1.4704456581967589
2024-11-12,1.4524148493785434
2024-11-13,1.4694492843147082
2024-11-14,1.4512638441747663
2024-11-15,1.4357597247757068
2024-11-18,1.4340614500211148
2024-11-19,1.4432853445382336
2024-11-20,1.4418531546142033
2024-11-21,1.4436574580256516
2024-11-22,1.4066956921270468
2024-11-25,1.3962983885930973
2024-11-26,1.3964873201821004
2024-11-27,1.423121952534786
2024-11-28,1.410067395377984
2024-11-29,1.4192094708776866
2024-12-02,1.4311978393672562
2024-12-03,1.4432385776874264
2024-12-04,1.4456235896019598
2024-12-05,1.4393308805562133
2024-12-06,1.4498706353886333
2024-12-09,1.4513829518796084
2024-12-10,1.4551173686990455
2024-12-11,1.4596765756352912
2024-12-12,1.4728223461900336
2024-12-13,1.4471364178228674
2024-12-16,1.4520278092875978
2024-12-17,1.4578984950335332
2024-12-18,1.463896486082961
2024-12-19,1.4645094085480406
2024-12-20,1.453422705709701
2024-12-23,1.4681895481710578
2024-12-24,1.4885349827418808
2024-12-25,1.4955251553215099
2024-12-26,1.4932201279042476
2024-12-27,1.4902449650707814
2024-12-30,1.5008236317795844
2024-12-31,1.4691245145825895
